configuração,RMSE treino,RMSE CV (média),RMSE CV (dp),gap (CV−treino),gap relativo,MAE CV,R² CV,tempo fit/fold (s),tempo busca (s),nº ajustes,hiperparametros,elegivel_1se,selecionada
Random Forest — Baseline,0.7933914662066014,4.535996771603813,0.5347514600189339,3.7426053053972113,0.8250899402809587,3.1788871168582373,0.7553010936627038,0.8589342117309571,0.0,5,{},False,False
Random Forest — Grid Search,1.3437821614564975,4.233032421756843,0.3875855605202441,2.889250260300346,0.6825485780477946,3.07635121066179,0.7922911904433263,0.2750269412994385,13.362364800000023,120,"{""max_depth"": null, ""max_features"": 0.5, ""min_samples_leaf"": 3, ""n_estimators"": 100}",True,False
Random Forest — Optuna,1.137399403300121,4.218737028618072,0.4012225782589441,3.0813376253179516,0.730393386555147,3.0761594359397675,0.7935843701518575,0.29221129417419434,10.482548899999983,100,"{""n_estimators"": 100, ""max_depth"": 16, ""min_samples_leaf"": 2, ""max_features"": 0.41191755472967345}",True,False
XGBoost — Baseline,0.729820430874631,4.2355364821382535,0.30820586305132863,3.5057160512636223,0.8276911475199498,3.1015086396316005,0.7888544294481163,0.15418462753295897,0.0,5,{},True,False
XGBoost — Grid Search,1.2998943982478084,4.25358110439158,0.3321414760383712,2.953686706143772,0.694399997003527,3.1197783060621935,0.78806800128751,0.17466955184936522,4.427586600000041,120,"{""learning_rate"": 0.05, ""max_depth"": 5, ""n_estimators"": 200, ""subsample"": 0.8}",True,False
XGBoost — Optuna,0.4780461027763308,4.175059127332605,0.29155990642519536,3.697013024556274,0.8854995610369358,3.069619770685832,0.7954343998314922,0.2183560848236084,3.9534208999998555,100,"{""n_estimators"": 250, ""learning_rate"": 0.11627879091495809, ""max_depth"": 6, ""subsample"": 0.6513666392517691, ""colsample_bytree"": 0.8725967254655906, ""min_child_weight"": 5, ""reg_lambda"": 0.29768332571230893}",True,False
LightGBM — Baseline,0.8584689424386471,4.402065313879747,0.5054648866641924,3.5435963714411,0.8049849601885988,3.1380496081507387,0.770428425898005,0.07619295120239258,0.0,5,{},False,False
LightGBM — Grid Search,1.6474531717553642,4.320409361637147,0.4572859690599478,2.6729561898817824,0.6186812327591361,3.1222570050626777,0.7818795411761478,0.053376054763793944,2.580288299999893,120,"{""learning_rate"": 0.05, ""min_child_samples"": 30, ""n_estimators"": 200, ""num_leaves"": 15}",False,False
LightGBM — Optuna,1.4400135435383243,4.268144818429916,0.4543412382099537,2.828131274891592,0.6626137104532341,3.100088568484101,0.7875835527548398,0.07072434425354004,1.9167611000000306,100,"{""n_estimators"": 200, ""learning_rate"": 0.048667474966308945, ""num_leaves"": 22, ""min_child_samples"": 17, ""subsample"": 0.8564602092891798, ""colsample_bytree"": 0.6706187838501331, ""reg_lambda"": 6.24671080707679}",True,True
