variavel,rotulo,importancia_media,desvio_entre_folds
indice_renda,Índice de renda (0–1),3.1896601924728047,0.9057526199642745
regiao,Região,1.3791337705153879,0.4330865074545222
escolaridade_anos,Escolaridade média (anos),0.680958660259233,0.1887904715997537
obitos_infantis,Óbitos infantis,0.5894787621038231,0.14563806748836178
magreza_1_19,Magreza 10–19 anos (%),0.45711712181493935,0.08196063806529616
alcool,Álcool (litros per capita),0.24520924184397136,0.19685513510930888
ano,Ano,0.16229388267051678,0.06461782474160946
gasto_saude_total_pct,Gasto total em saúde (%),0.037305026805756314,0.07191591091300621
status,Status,0.03405384550055114,0.044699965871040456
pib_per_capita,PIB per capita (US$),0.029836505370344036,0.03769912335007108
gasto_saude_pct_pib_pc,Gasto em saúde (% do PIB per capita),0.004861866269481751,0.06593306271577067
populacao,População,-0.002704804350297755,0.0538634869415528
