variavel,rotulo,importancia
indice_renda,Índice de renda (0–1),0.13714285714285715
magreza_1_19,Magreza 10–19 anos (%),0.1326190476190476
alcool,Álcool (litros per capita),0.1261904761904762
obitos_infantis,Óbitos infantis,0.11857142857142858
gasto_saude_total_pct,Gasto total em saúde (%),0.10261904761904762
escolaridade_anos,Escolaridade média (anos),0.09309523809523809
populacao,População,0.07595238095238095
pib_per_capita,PIB per capita (US$),0.05952380952380952
gasto_saude_pct_pib_pc,Gasto em saúde (% do PIB per capita),0.051666666666666666
ano,Ano,0.05142857142857143
regiao_Americas,Região: Americas,0.014285714285714285
regiao_Africa,Região: Africa,0.013571428571428571
regiao_Asia,Região: Asia,0.010238095238095239
status_Developed,Status: Desenvolvido,0.006666666666666667
regiao_Europe,Região: Europe,0.002619047619047619
regiao_Oceania,Região: Oceania,0.002142857142857143
status_Developing,Status: Em desenvolvimento,0.0016666666666666668
